"Status","Start Time","Stop Time","Duration in ms","Parent Suite","Suite","Sub Suite","Test Class","Test Method","Name","Description"
"passed","Fri Oct 31 18:14:25 UTC 2025","Fri Oct 31 18:14:25 UTC 2025","1","","","","","","<REQ_SSD_08> Latency spike under heavy queue depth -- @1.1 ",""
"failed","Fri Oct 31 18:14:25 UTC 2025","Fri Oct 31 18:14:25 UTC 2025","1","","","","","","<REQ_SSD_05> Read/write workload mixes -- @1.2 ",""
"passed","Fri Oct 31 18:14:25 UTC 2025","Fri Oct 31 18:14:25 UTC 2025","1","","","","","","<REQ_SSD_15> <REQ_SSD_16> SMART monitoring should remain within safe thresholds -- @1.2 ",""
"passed","Fri Oct 31 18:14:25 UTC 2025","Fri Oct 31 18:14:25 UTC 2025","1","","","","","","<REQ_SSD_15> <REQ_SSD_16> SMART monitoring and SMART polling -- @1.2 ",""
"passed","Fri Oct 31 18:14:25 UTC 2025","Fri Oct 31 18:14:25 UTC 2025","1","","","","","","<REQ_SSD_10> <REQ_SSD_11> Sustained high-write endurance -- @1.1 ",""
"passed","Fri Oct 31 18:14:25 UTC 2025","Fri Oct 31 18:14:25 UTC 2025","1","","","","","","<REQ_COM_02> Compare random 4K I/O performance -- @1.3 ",""
"passed","Fri Oct 31 18:14:25 UTC 2025","Fri Oct 31 18:14:25 UTC 2025","1","","","","","","<REQ_COM_01> Compare sequential read/write speeds -- @1.3 ",""
"passed","Fri Oct 31 18:14:25 UTC 2025","Fri Oct 31 18:14:25 UTC 2025","1","","","","","","<REQ_SSD_23> <REQ_SSD_24> Sustained endurance test should remain stable -- @1.1 ",""
"passed","Fri Oct 31 18:14:25 UTC 2025","Fri Oct 31 18:14:25 UTC 2025","1","","","","","","<REQ_SSD_12> <REQ_SSD_05> Latency validation under VM scaling -- @1.1 ",""
"passed","Fri Oct 31 18:14:25 UTC 2025","Fri Oct 31 18:14:25 UTC 2025","1","","","","","","<REQ_SSD_23> <REQ_SSD_24> Prolonged Endurance Test -- @1.3 ",""
"passed","Fri Oct 31 18:14:25 UTC 2025","Fri Oct 31 18:14:25 UTC 2025","1","","","","","","<REQ_SSD_13> <REQ_SSD_14> Queue depth scaling validation -- @1.3 ",""
"passed","Fri Oct 31 18:14:25 UTC 2025","Fri Oct 31 18:14:25 UTC 2025","1","","","","","","<REQ_SSD_12> <REQ_SSD_05> Latency validation under VM scaling -- @1.2 ",""
"passed","Fri Oct 31 18:14:25 UTC 2025","Fri Oct 31 18:14:25 UTC 2025","1","","","","","","<REQ_SSD_17> <REQ_SSD_18> SSD firmware update under load should succeed -- @1.3 ",""
"passed","Fri Oct 31 18:14:25 UTC 2025","Fri Oct 31 18:14:25 UTC 2025","0","","","","","","<REQ_SSD_10> <REQ_SSD_11> Sustained high-write endurance -- @1.3 ",""
"failed","Fri Oct 31 18:14:25 UTC 2025","Fri Oct 31 18:14:25 UTC 2025","2","","","","","","<REQ_SSD_05> Read/write workload mixes -- @1.1 ",""
"passed","Fri Oct 31 18:14:25 UTC 2025","Fri Oct 31 18:14:25 UTC 2025","0","","","","","","<REQ_SSD_17> <REQ_SSD_18> Firmware update resilience -- @1.2 ",""
"passed","Fri Oct 31 18:14:25 UTC 2025","Fri Oct 31 18:14:25 UTC 2025","1","","","","","","<REQ_SSD_23> <REQ_SSD_24> Prolonged Endurance Test -- @1.1 ",""
"passed","Fri Oct 31 18:14:25 UTC 2025","Fri Oct 31 18:14:25 UTC 2025","1","","","","","","<REQ_SSD_13> <REQ_SSD_14> Queue depth scaling validation -- @1.1 ",""
"passed","Fri Oct 31 18:14:25 UTC 2025","Fri Oct 31 18:14:25 UTC 2025","1","","","","","","<REQ_SSD_17> <REQ_SSD_18> Firmware update resilience -- @1.3 ",""
"passed","Fri Oct 31 18:14:25 UTC 2025","Fri Oct 31 18:14:25 UTC 2025","1","","","","","","<REQ_SSD_25> <REQ_SSD_26> End-to-end data integrity -- @1.1 ",""
"passed","Fri Oct 31 18:14:25 UTC 2025","Fri Oct 31 18:14:25 UTC 2025","1","","","","","","<REQ_SSD_06> <REQ_SSD_26> Hot unplug should recover without errors -- @1.1 ",""
"passed","Fri Oct 31 18:14:25 UTC 2025","Fri Oct 31 18:14:25 UTC 2025","1","","","","","","<REQ_SSD_10> <REQ_SSD_11> Sustained high-write endurance -- @1.2 ",""
"passed","Fri Oct 31 18:14:25 UTC 2025","Fri Oct 31 18:14:25 UTC 2025","1","","","","","","<REQ_SSD_13> <REQ_SSD_14> NVMe queue depth saturation -- @1.1 ",""
"passed","Fri Oct 31 18:14:25 UTC 2025","Fri Oct 31 18:14:25 UTC 2025","1","","","","","","<REQ_COM_02> Compare random 4K I/O performance -- @1.1 ",""
"passed","Fri Oct 31 18:14:25 UTC 2025","Fri Oct 31 18:14:25 UTC 2025","0","","","","","","<REQ_SSD_12> <REQ_SSD_05> Latency validation under VM scaling -- @1.3 ",""
"passed","Fri Oct 31 18:14:25 UTC 2025","Fri Oct 31 18:14:25 UTC 2025","1","","","","","","<REQ_SSD_13> <REQ_SSD_14> NVMe queue depth saturation -- @1.4 ",""
"passed","Fri Oct 31 18:14:25 UTC 2025","Fri Oct 31 18:14:25 UTC 2025","1","","","","","","<REQ_SSD_10> <REQ_SSD_11> Sustained high-write endurance -- @1.3 ",""
"passed","Fri Oct 31 18:14:25 UTC 2025","Fri Oct 31 18:14:25 UTC 2025","0","","","","","","<REQ_SSD_08> Latency spikes should remain within acceptable limits -- @1.1 ",""
"passed","Fri Oct 31 18:14:25 UTC 2025","Fri Oct 31 18:14:25 UTC 2025","1","","","","","","<REQ_SSD_23> <REQ_SSD_24> Sustained endurance test should remain stable -- @1.3 ",""
"passed","Fri Oct 31 18:14:25 UTC 2025","Fri Oct 31 18:14:25 UTC 2025","1","","","","","","<REQ_SSD_06> <REQ_SSD_26> Hot unplug should recover without errors -- @1.2 ",""
"passed","Fri Oct 31 18:14:25 UTC 2025","Fri Oct 31 18:14:25 UTC 2025","1","","","","","","<REQ_SSD_22> Mixed Random Read/Write Workload -- @1.1 ",""
"passed","Fri Oct 31 18:14:25 UTC 2025","Fri Oct 31 18:14:25 UTC 2025","1","","","","","","<REQ_SSD_22> Mixed Random Read/Write Workload -- @1.2 ",""
"passed","Fri Oct 31 18:14:25 UTC 2025","Fri Oct 31 18:14:25 UTC 2025","1","","","","","","<REQ_SSD_25> <REQ_SSD_26> End-to-end data integrity -- @1.2 ",""
"passed","Fri Oct 31 18:14:25 UTC 2025","Fri Oct 31 18:14:25 UTC 2025","1","","","","","","<REQ_SSD_13> <REQ_SSD_14> NVMe queue depth saturation -- @1.3 ",""
"passed","Fri Oct 31 18:14:25 UTC 2025","Fri Oct 31 18:14:25 UTC 2025","1","","","","","","<REQ_SSD_23> <REQ_SSD_24> Prolonged Endurance Test -- @1.2 ",""
"passed","Fri Oct 31 18:14:25 UTC 2025","Fri Oct 31 18:14:25 UTC 2025","1","","","","","","<REQ_SSD_25> <REQ_SSD_26> End-to-end data integrity -- @1.3 ",""
"passed","Fri Oct 31 18:14:25 UTC 2025","Fri Oct 31 18:14:25 UTC 2025","1","","","","","","<REQ_SSD_17> <REQ_SSD_18> Firmware update resilience -- @1.1 ",""
"passed","Fri Oct 31 18:14:25 UTC 2025","Fri Oct 31 18:14:25 UTC 2025","1","","","","","","<REQ_SSD_12> <REQ_SSD_05> Randomized multi-tenant IO stress -- @1.3 ",""
"passed","Fri Oct 31 18:14:25 UTC 2025","Fri Oct 31 18:14:25 UTC 2025","1","","","","","","<REQ_SSD_23> <REQ_SSD_24> Sustained endurance test should remain stable -- @1.2 ",""
"passed","Fri Oct 31 18:14:25 UTC 2025","Fri Oct 31 18:14:25 UTC 2025","1","","","","","","<REQ_SSD_15> <REQ_SSD_16> SMART monitoring should remain within safe thresholds -- @1.1 ",""
"passed","Fri Oct 31 18:14:25 UTC 2025","Fri Oct 31 18:14:25 UTC 2025","1","","","","","","<REQ_SSD_12> <REQ_SSD_05> Randomized multi-tenant IO stress -- @1.2 ",""
"passed","Fri Oct 31 18:14:25 UTC 2025","Fri Oct 31 18:14:25 UTC 2025","1","","","","","","<REQ_COM_01> Compare sequential read/write speeds -- @1.1 ",""
"passed","Fri Oct 31 18:14:25 UTC 2025","Fri Oct 31 18:14:25 UTC 2025","1","","","","","","<REQ_SSD_17> <REQ_SSD_18> SSD firmware update under load should succeed -- @1.1 ",""
"passed","Fri Oct 31 18:14:25 UTC 2025","Fri Oct 31 18:14:25 UTC 2025","1","","","","","","<REQ_COM_01> Compare sequential read/write speeds -- @1.2 ",""
"passed","Fri Oct 31 18:14:25 UTC 2025","Fri Oct 31 18:14:25 UTC 2025","1","","","","","","<REQ_SSD_13> <REQ_SSD_14> Queue depth scaling validation -- @1.2 ",""
"passed","Fri Oct 31 18:14:25 UTC 2025","Fri Oct 31 18:14:25 UTC 2025","1","","","","","","<REQ_SSD_17> <REQ_SSD_18> SSD firmware update under load should succeed -- @1.2 ",""
"passed","Fri Oct 31 18:14:25 UTC 2025","Fri Oct 31 18:14:25 UTC 2025","0","","","","","","<REQ_SSD_19> <REQ_SSD_20> <REQ_SSD_21> Multi-tenant QoS enforcement",""
"passed","Fri Oct 31 18:14:25 UTC 2025","Fri Oct 31 18:14:25 UTC 2025","0","","","","","","<REQ_SSD_13> <REQ_SSD_14> NVMe queue depth saturation -- @1.2 ",""
"passed","Fri Oct 31 18:14:25 UTC 2025","Fri Oct 31 18:14:25 UTC 2025","1","","","","","","<REQ_SSD_12> <REQ_SSD_05> Randomized multi-tenant IO stress -- @1.1 ",""
"passed","Fri Oct 31 18:14:25 UTC 2025","Fri Oct 31 18:14:25 UTC 2025","1","","","","","","<REQ_SSD_26> Controller reset should recover without data corruption",""
"passed","Fri Oct 31 18:14:25 UTC 2025","Fri Oct 31 18:14:25 UTC 2025","1","","","","","","<REQ_SSD_13> <REQ_SSD_14> Queue depth scaling validation -- @1.5 ",""
"passed","Fri Oct 31 18:14:25 UTC 2025","Fri Oct 31 18:14:25 UTC 2025","1","","","","","","<REQ_SSD_08> Latency spike under heavy queue depth -- @1.2 ",""
"passed","Fri Oct 31 18:14:25 UTC 2025","Fri Oct 31 18:14:25 UTC 2025","1","","","","","","<REQ_SSD_22> Mixed Random Read/Write Workload -- @1.3 ",""
"passed","Fri Oct 31 18:14:25 UTC 2025","Fri Oct 31 18:14:25 UTC 2025","0","","","","","","<REQ_SSD_08> Latency spikes should remain within acceptable limits -- @1.2 ",""
"failed","Fri Oct 31 18:14:25 UTC 2025","Fri Oct 31 18:14:25 UTC 2025","2","","","","","","<REQ_SSD_05> Read/write workload mixes -- @1.3 ",""
"passed","Fri Oct 31 18:14:25 UTC 2025","Fri Oct 31 18:14:25 UTC 2025","1","","","","","","<REQ_COM_02> Compare random 4K I/O performance -- @1.2 ",""
"passed","Fri Oct 31 18:14:25 UTC 2025","Fri Oct 31 18:14:25 UTC 2025","1","","","","","","<REQ_SSD_19> <REQ_SSD_20> <REQ_SSD_21> Multi-tenant QoS enforcement",""
"passed","Fri Oct 31 18:14:25 UTC 2025","Fri Oct 31 18:14:25 UTC 2025","1","","","","","","<REQ_SSD_13> <REQ_SSD_14> Queue depth scaling validation -- @1.4 ",""
"passed","Fri Oct 31 18:14:25 UTC 2025","Fri Oct 31 18:14:25 UTC 2025","1","","","","","","<REQ_SSD_15> <REQ_SSD_16> SMART monitoring and SMART polling -- @1.1 ",""
"passed","Fri Oct 31 18:14:25 UTC 2025","Fri Oct 31 18:14:25 UTC 2025","0","","","","","","<REQ_SSD_25> Random power loss should not cause corruption",""
"passed","Fri Oct 31 18:14:25 UTC 2025","Fri Oct 31 18:14:25 UTC 2025","1","","","","","","<REQ_SSD_10> <REQ_SSD_11> Sustained high-write endurance -- @1.1 ",""
"passed","Fri Oct 31 18:14:25 UTC 2025","Fri Oct 31 18:14:25 UTC 2025","1","","","","","","<REQ_SSD_10> <REQ_SSD_11> Sustained high-write endurance -- @1.2 ",""
